{
    "train_losses": [
        2.1372833750968754,
        1.651324094727982,
        1.2326003922972568,
        0.8934916840043179,
        0.6144669035146403,
        0.47394418161968854,
        0.3697232794623042,
        0.29966769887264383,
        0.2572236686598423,
        0.2060071888358094,
        0.16649704634450202,
        0.13862751684216565,
        0.1286701497643493,
        0.12904781874182614,
        0.14189761513194374,
        0.10679305149892042,
        0.10139046345165996,
        0.09432243148601333,
        0.08693637854831163,
        0.10926039270017036,
        0.09927753554007342,
        0.09407517985375814,
        0.10902294786213788,
        0.09170659287117941,
        0.06577897855882035,
        0.05029589457567348,
        0.03986306760330186,
        0.0625009418920029,
        0.04348651865540549,
        0.04191240515603229,
        0.03319860172869508
    ],
    "val_losses": [
        1.8635549545288086,
        1.3996566236019135,
        0.9782005101442337,
        0.6654257923364639,
        0.45419493690133095,
        0.4106653295457363,
        0.36814164742827415,
        0.2543627694249153,
        0.277643047273159,
        0.22493966482579708,
        0.21242752484977245,
        0.2660418227314949,
        0.25359872076660395,
        0.17271614726632833,
        0.2787031438201666,
        0.29544105380773544,
        0.25680429115891457,
        0.15283380588516593,
        0.21851563453674316,
        0.20941493520513177,
        0.2284938022494316,
        0.18856774177402258,
        0.25380790955387056,
        0.18416576366871595,
        0.16611113236285746,
        0.18651095614768565,
        0.20293304068036377,
        0.20844986871816218,
        0.19944584905169904,
        0.19580131280235946,
        0.17664652527309954
    ],
    "train_accs": [
        17.817371937639198,
        34.59539717891611,
        46.622123236822574,
        57.23830734966593,
        65.92427616926503,
        69.04231625835189,
        76.3177431328879,
        80.99480326651819,
        84.92947290274685,
        87.23088344469191,
        89.086859688196,
        92.13066072754269,
        91.31403118040089,
        92.94729027468448,
        92.57609502598366,
        94.58054936896808,
        94.65478841870824,
        95.84261321455085,
        94.43207126948775,
        95.39717891610987,
        95.02598366740905,
        97.10467706013362,
        95.47141796585004,
        95.84261321455085,
        96.13956941351151,
        96.73348181143281,
        97.40163325909428,
        97.69858945805494,
        97.40163325909428,
        97.84706755753525,
        98.21826280623608
    ],
    "val_accs": [
        33.59375,
        35.9375,
        46.09375,
        60.15625,
        69.53125,
        73.4375,
        74.21875,
        85.15625,
        82.03125,
        88.28125,
        81.25,
        83.59375,
        87.5,
        92.1875,
        91.40625,
        92.1875,
        91.40625,
        94.53125,
        94.53125,
        92.96875,
        95.3125,
        95.3125,
        95.3125,
        96.875,
        95.3125,
        96.875,
        94.53125,
        96.875,
        94.53125,
        96.09375,
        94.53125
    ],
    "test_accuracy": 96.875,
    "best_val_accuracy": 96.875,
    "classes": [
        "Comminuted",
        "Greenstick",
        "Healthy",
        "Linear",
        "Oblique Displaced",
        "Oblique",
        "Segmental",
        "Spiral",
        "Transverse Displaced",
        "Transverse"
    ],
    "training_time_minutes": 7.334451413154602
}